FullName,Ticker,ShortName
11 BIT STUDIOS SPÓŁKA AKCYJNA ,11B,11 BIT STUDIOS  
3R GAMES SPÓŁKA AKCYJNA ,3RG,3R GAMES  
AB SPÓŁKA AKCYJNA ,ABE,AB  
AC SPÓŁKA AKCYJNA ,ACG,AC  
ACTION SPÓŁKA AKCYJNA ,ACT,ACTION  
ADIUVO INVESTMENTS SPÓŁKA AKCYJNA ,ADV,ADIUVO INVESTMENTS  
AGORA SPÓŁKA AKCYJNA ,AGO,AGORA  
AILLERON SPÓŁKA AKCYJNA ,ALL,AILLERON  
AIRWAY MEDIX SPÓŁKA AKCYJNA ,AWM,AIRWAY MEDIX  
ALIOR BANK SPÓŁKA AKCYJNA ,ALR,ALIOR BANK  
ALL IN! GAMES SPÓŁKA AKCYJNA ,ALG,ALL IN! GAMES  
ALLEGRO.EU S.A. ,ALE,ALLEGRO.EU S.A. 
ALTA SPÓŁKA AKCYJNA ,AAT,ALTA  
ALTUS SPÓŁKA AKCYJNA ,ALI,ALTUS  
AMBRA SPÓŁKA AKCYJNA ,AMB,AMBRA  
AMICA SPÓŁKA AKCYJNA ,AMC,AMICA  
ML SYSTEM SPÓŁKA AKCYJNA ,MLS,ML SYSTEM  
MLP GROUP SPÓŁKA AKCYJNA ,MLG,MLP GROUP  
MO-BRUK SPÓŁKA AKCYJNA ,MBR,MO-BRUK  
MOJ SPÓŁKA AKCYJNA ,MOJ,MOJ  
MOLECURE SPÓŁKA AKCYJNA ,MOC,MOLECURE  
MONNARI TRADE SPÓŁKA AKCYJNA ,MON,MONNARI TRADE  
MOSTOSTAL PŁOCK SPÓŁKA AKCYJNA ,MSP,MOSTOSTAL PŁOCK  
MOSTOSTAL WARSZAWA SPÓŁKA AKCYJNA ,MSW,MOSTOSTAL WARSZAWA  
MOSTOSTAL ZABRZE SPÓŁKA AKCYJNA ,MSZ,MOSTOSTAL ZABRZE  
MOVIE GAMES SPÓŁKA AKCYJNA ,MOV,MOVIE GAMES  
MURAPOL SPÓŁKA AKCYJNA ,MUR,MURAPOL  
MUZA SPÓŁKA AKCYJNA ,MZA,MUZA  
NANOGROUP SPÓŁKA AKCYJNA ,NNG,NANOGROUP  
NEUCA SPÓŁKA AKCYJNA ,NEU,NEUCA  
NEW TECH CAPITAL SPÓŁKA AKCYJNA ,NTC,NEW TECH CAPITAL  
NEWAG SPÓŁKA AKCYJNA ,NWG,NEWAG  
NEXITY GLOBAL SPÓŁKA AKCYJNA ,NXG,NEXITY GLOBAL  
NOVAVIS GROUP SPÓŁKA AKCYJNA ,NVG,NOVAVIS GROUP  
NOVITA SPÓŁKA AKCYJNA ,NVT,NOVITA  
NPL NOVA SPÓŁKA AKCYJNA ,PRI,NPL NOVA  
NTT SYSTEM SPÓŁKA AKCYJNA ,NTT,NTT SYSTEM  
OCTAVA SPÓŁKA AKCYJNA ,08N,OCTAVA  
ODLEWNIE POLSKIE SPÓŁKA AKCYJNA ,ODL,ODLEWNIE POLSKIE  
OEX SPÓŁKA AKCYJNA ,OEX,OEX  
ONDE SPÓŁKA AKCYJNA ,OND,ONDE  
ONE SPÓŁKA AKCYJNA ,FMG,ONE  
ONESANO SPÓŁKA AKCYJNA ,ONO,ONESANO  
OPONEO.PL SPÓŁKA AKCYJNA ,OPN,OPONEO.PL  
OPTEAM SPÓŁKA AKCYJNA ,OPM,OPTEAM  
ORANGE POLSKA SPÓŁKA AKCYJNA ,OPL,ORANGE POLSKA  
ORLEN SPÓŁKA AKCYJNA ,PKN,ORLEN  
ORZEŁ BIAŁY SPÓŁKA AKCYJNA ,OBL,ORZEŁ BIAŁY  
OT LOGISTICS SPÓŁKA AKCYJNA ,OTS,OT LOGISTICS  
P.A. NOVA SPÓŁKA AKCYJNA ,NVA,P.A. NOVA  
PAMAPOL SPÓŁKA AKCYJNA ,PMP,PAMAPOL  
PASSUS SPÓŁKA AKCYJNA ,PAS,PASSUS  
PATENTUS SPÓŁKA AKCYJNA ,PAT,PATENTUS  
PBG SPÓŁKA AKCYJNA W RESTRUKTURYZACJI I LIKWIDACJI Z SIEDZIBĄ W WYSOGOTOWIE ,PBG,PBG 
PBS FINANSE SPÓŁKA AKCYJNA ,PBF,PBS FINANSE  
PCC EXOL SPÓŁKA AKCYJNA ,PCX,PCC EXOL  
PCC ROKITA SPÓŁKA AKCYJNA ,PCR,PCC ROKITA  
PCF GROUP SPÓŁKA AKCYJNA ,PCF,PCF GROUP  
PGE POLSKA GRUPA ENERGETYCZNA SPÓŁKA AKCYJNA ,PGE,PGE POLSKA GRUPA ENERGETYCZNA  
PGF POLSKA GRUPA FOTOWOLTAICZNA SPÓŁKA AKCYJNA ,PGV,PGF POLSKA GRUPA FOTOWOLTAICZNA  
PHARMENA SPÓŁKA AKCYJNA ,PHR,PHARMENA  
PJP MAKRUM SPÓŁKA AKCYJNA ,PJP,PJP MAKRUM  
PKP CARGO SPÓŁKA AKCYJNA ,PKP,PKP CARGO  
PLAYWAY SPÓŁKA AKCYJNA ,PLW,PLAYWAY  
PMPG POLSKIE MEDIA SPÓŁKA AKCYJNA ,PGM,PMPG POLSKIE MEDIA  
POLENERGIA SPÓŁKA AKCYJNA ,PEP,POLENERGIA  
POLIMEX MOSTOSTAL SPÓŁKA AKCYJNA ,PXM,POLIMEX MOSTOSTAL  
POLSKI HOLDING NIERUCHOMOŚCI SPÓŁKA AKCYJNA ,PHN,POLSKI HOLDING NIERUCHOMOŚCI  
POLSKIE TOWARZYSTWO WSPIERANIA PRZEDSIĘBIORCZOŚCI SPÓŁKA AKCYJNA ,PTW,POLSKIE TOWARZYSTWO WSPIERANIA PRZEDSIĘBIORCZOŚCI  
POLTREG SPÓŁKA AKCYJNA ,PTG,POLTREG  
POLWAX SPÓŁKA AKCYJNA ,PWX,POLWAX  
POWSZECHNA KASA OSZCZĘDNOŚCI BANK POLSKI SPÓŁKA AKCYJNA ,PKO,POWSZECHNA KASA OSZCZĘDNOŚCI BANK POLSKI  
POWSZECHNY ZAKŁAD UBEZPIECZEŃ SPÓŁKA AKCYJNA ,PZU,POWSZECHNY ZAKŁAD UBEZPIECZEŃ  
POZNAŃSKA KORPORACJA BUDOWLANA PEKABEX SPÓŁKA AKCYJNA ,PBX,POZNAŃSKA KORPORACJA BUDOWLANA PEKABEX  
PRIMA MODA SPÓŁKA AKCYJNA W RESTRUKTURYZACJI ,PMA,PRIMA MODA  W RESTRUKTURYZACJI 
PROCHEM SPÓŁKA AKCYJNA ,PRM,PROCHEM  
PROTEKTOR SPÓŁKA AKCYJNA ,PRT,PROTEKTOR  
PRZEDSIĘBIORSTWO PRODUKCYJNO HANDLOWE KOMPAP SPÓŁKA AKCYJNA ,KMP,PRZEDSIĘBIORSTWO PRODUKCYJNO HANDLOWE KOMPAP  
PRZEDSIĘBIORSTWO PRZEMYSŁU SPOŻYWCZEGO PEPEES SPÓŁKA AKCYJNA ,PPS,PRZEDSIĘBIORSTWO PRZEMYSŁU SPOŻYWCZEGO PEPEES  
PURE BIOLOGICS SPÓŁKA AKCYJNA ,PUR,PURE BIOLOGICS  
PZ CORMAY SPÓŁKA AKCYJNA ,CRM,PZ CORMAY  
QUANTUM SOFTWARE SPÓŁKA AKCYJNA ,QNT,QUANTUM SOFTWARE  
QUERCUS TOWARZYSTWO FUNDUSZY INWESTYCYJNYCH SPÓŁKA AKCYJNA ,QRS,QUERCUS TOWARZYSTWO FUNDUSZY INWESTYCYJNYCH  
RAEN SPÓŁKA AKCYJNA ,RAE,RAEN  
RAFAKO SPÓŁKA AKCYJNA ,RFK,RAFAKO  
RAINBOW TOURS SPÓŁKA AKCYJNA ,RBW,RAINBOW TOURS  
RANK PROGRESS SPÓŁKA AKCYJNA ,RNK,RANK PROGRESS  
RAWLPLUG SPÓŁKA AKCYJNA ,RWL,RAWLPLUG  
REDAN SPÓŁKA AKCYJNA ,RDN,REDAN  
REGNON SPÓŁKA AKCYJNA ,REG,REGNON  
REINO CAPITAL SPÓŁKA AKCYJNA ,RNC,REINO CAPITAL  
RELPOL SPÓŁKA AKCYJNA ,RLP,RELPOL  
REMAK-ENERGOMONTAŻ SPÓŁKA AKCYJNA ,RMK,REMAK-ENERGOMONTAŻ  
RENDER CUBE SPÓŁKA AKCYJNA ,RND,RENDER CUBE  
RYVU THERAPEUTICS SPÓŁKA AKCYJNA ,RVU,RYVU THERAPEUTICS  
SANOK RUBBER COMPANY SPÓŁKA AKCYJNA ,SNK,SANOK RUBBER COMPANY  
SANTANDER BANK POLSKA SPÓŁKA AKCYJNA ,SPL,SANTANDER BANK POLSKA  
SANWIL HOLDING SPÓŁKA AKCYJNA ,SNW,SANWIL HOLDING  
SATIS GROUP SPÓŁKA AKCYJNA ,STS,SATIS GROUP  
SCOPE FLUIDICS SPÓŁKA AKCYJNA ,SCP,SCOPE FLUIDICS  
SECO/WARWICK SPÓŁKA AKCYJNA ,SWG,SECO/WARWICK  
SEKO SPÓŁKA AKCYJNA ,SEK,SEKO  
SELENA FM SPÓŁKA AKCYJNA ,SEL,SELENA FM  
SELVITA SPÓŁKA AKCYJNA ,SLV,SELVITA  
SESCOM SPÓŁKA AKCYJNA ,SES,SESCOM  
SFINKS POLSKA SPÓŁKA AKCYJNA ,SFS,SFINKS POLSKA  
SHOPER SPÓŁKA AKCYJNA ,SHO,SHOPER  
SIMFABRIC SPÓŁKA AKCYJNA ,SIM,SIMFABRIC  
SKYLINE INVESTMENT SPÓŁKA AKCYJNA ,SKL,SKYLINE INVESTMENT  
SOHO DEVELOPMENT SPÓŁKA AKCYJNA ,SHD,SOHO DEVELOPMENT  
SONEL SPÓŁKA AKCYJNA ,SON,SONEL  
SPYROSOFT SPÓŁKA AKCYJNA ,SPR,SPYROSOFT  
STALEXPORT AUTOSTRADY SPÓŁKA AKCYJNA ,STX,STALEXPORT AUTOSTRADY  
STALPRODUKT SPÓŁKA AKCYJNA ,STP,STALPRODUKT  
STALPROFIL SPÓŁKA AKCYJNA ,STF,STALPROFIL  
STARHEDGE SPÓŁKA AKCYJNA ,SHG,STARHEDGE  
SUNEX SPÓŁKA AKCYJNA ,SNX,SUNEX  
SYGNITY SPÓŁKA AKCYJNA ,SGN,SYGNITY  
SYNEKTIK SPÓŁKA AKCYJNA ,SNT,SYNEKTIK  
SYNTHAVERSE SPÓŁKA AKCYJNA ,SVE,SYNTHAVERSE  
T-BULL SPÓŁKA AKCYJNA ,TBL,T-BULL  
TALEX SPÓŁKA AKCYJNA ,TLX,TALEX  
TARCZYŃSKI SPÓŁKA AKCYJNA ,TAR,TARCZYŃSKI  
TAURON POLSKA ENERGIA SPÓŁKA AKCYJNA ,TPE,TAURON POLSKA ENERGIA  
TEN SQUARE GAMES SPÓŁKA AKCYJNA ,TEN,TEN SQUARE GAMES  
TENDERHUT SPÓŁKA AKCYJNA ,THG,TENDERHUT  
TERMO-REX SPÓŁKA AKCYJNA ,TRR,TERMO-REX  
TESGAS SPÓŁKA AKCYJNA ,TSG,TESGAS  
TEXT SPÓŁKA AKCYJNA ,TXT,TEXT  
TORPOL SPÓŁKA AKCYJNA ,TOR,TORPOL  
TOWER INVESTMENTS SPÓŁKA AKCYJNA ,TOW,TOWER INVESTMENTS  
TOYA SPÓŁKA AKCYJNA ,TOA,TOYA  
TRAKCJA SPÓŁKA AKCYJNA ,TRK,TRAKCJA  
TRANS POLONIA SPÓŁKA AKCYJNA ,TRN,TRANS POLONIA  
TRITON DEVELOPMENT SPÓŁKA AKCYJNA ,TRI,TRITON DEVELOPMENT  
ULMA CONSTRUCCION POLSKA SPÓŁKA AKCYJNA ,URT,ULMA CONSTRUCCION POLSKA  
ULTIMATE GAMES SPÓŁKA AKCYJNA ,VRC,ULTIMATE GAMES  
UNFOLD.VC ASI SPÓŁKA AKCYJNA ,VGO,UNFOLD.VC ASI  
UNIBEP SPÓŁKA AKCYJNA ,VTL,UNIBEP  
UNIMOT SPÓŁKA AKCYJNA ,VOT,UNIMOT  
URTESTE SPÓŁKA AKCYJNA ,VOX,URTESTE  
VERCOM SPÓŁKA AKCYJNA ,VRG,VERCOM  
VIGO PHOTONICS SPÓŁKA AKCYJNA ,WXF,VIGO PHOTONICS  
VISTAL GDYNIA SPÓŁKA AKCYJNA ,WAS,VISTAL GDYNIA  
VIVID GAMES SPÓŁKA AKCYJNA ,WWL,VIVID GAMES  
VOTUM SPÓŁKA AKCYJNA ,WLT,VOTUM  
VOXEL SPÓŁKA AKCYJNA ,WIK,VOXEL  
VRG SPÓŁKA AKCYJNA ,WPL,VRG  
WASKO SPÓŁKA AKCYJNA ,WTN,WASKO  
WAWEL SPÓŁKA AKCYJNA ,WOJ,WAWEL  
WIELTON SPÓŁKA AKCYJNA ,WPR,WIELTON  
WIKANA SPÓŁKA AKCYJNA ,XPL,WIKANA  
WIRTUALNA POLSKA HOLDING SPÓŁKA AKCYJNA ,XTB,WIRTUALNA POLSKA HOLDING  
WISE FINANCE SPÓŁKA AKCYJNA ,XTP,WISE FINANCE  
WITTCHEN SPÓŁKA AKCYJNA ,YRL,WITTCHEN  
WOJAS SPÓŁKA AKCYJNA ,ZRE,WOJAS  
WOODPECKER.CO SPÓŁKA AKCYJNA ,RPC,WOODPECKER.CO  
XPLUS SPÓŁKA AKCYJNA ,OTM,XPLUS  
XTB SPÓŁKA AKCYJNA ,ZUK,XTB  
XTPL SPÓŁKA AKCYJNA ,ZMT,XTPL  
YARRL SPÓŁKA AKCYJNA ,ZEP,YARRL  
ZAKŁAD BUDOWY MASZYN ZREMB-CHOJNICE SPÓŁKA AKCYJNA ,KGN,ZAKŁAD BUDOWY MASZYN ZREMB-CHOJNICE  
ZAKŁADY MAGNEZYTOWE ROPCZYCE SPÓŁKA AKCYJNA ,ZUE,ZAKŁADY MAGNEZYTOWE ROPCZYCE  
ZAKŁADY PRZEMYSŁU CUKIERNICZEGO OTMUCHÓW SPÓŁKA AKCYJNA ,OTM,ZAKŁADY PRZEMYSŁU CUKIERNICZEGO OTMUCHÓW  
ZAKŁADY URZĄDZEŃ KOTŁOWYCH STĄPORKÓW SPÓŁKA AKCYJNA ,ZUK,ZAKŁADY URZĄDZEŃ KOTŁOWYCH STĄPORKÓW  
ZAMET SPÓŁKA AKCYJNA ,ZMT,ZAMET  
ZE PAK SPÓŁKA AKCYJNA ,ZEP,ZE PAK  
ZESPÓŁ ELEKTROCIEPŁOWNI WROCŁAWSKICH KOGENERACJA SPÓŁKA AKCYJNA ,KGN,ZESPÓŁ ELEKTROCIEPŁOWNI WROCŁAWSKICH KOGENERACJA  
ZUE SPÓŁKA AKCYJNA ,ZUE,ZUE  
